Type,Name,Account Number
Image,ami-000ae928bca4db57d,613703092215
Image,ami-0032aedfdfe8e2ca1,613703092215
Image,ami-0043a55611f2243d1,002670977573
Image,ami-004e9ac76b6e9497a,002670977573
Image,ami-005df743dce3ad886,002670977573
Image,ami-007dfe2b8e6c9328a,002670977573
Image,ami-008e599d31eadf701,613703092215
Image,ami-0097e8896ade7bdd1,398984081329
Image,ami-00ab7fc7676985535,613703092215
Image,ami-00b8bbd59bfc22b02,002670977573
Image,ami-00bb204b9d515b5e4,002670977573
Image,ami-00c802d7686fdb37f,398984081329
Image,ami-00c893547861a1e63,002670977573
Image,ami-00cdba28cac55e512,890342916428
Image,ami-00d28357e00972e20,398984081329
Image,ami-0115ef090de860f7b,002670977573
Image,ami-011e6cdf8b77e4fd7,002670977573
Image,ami-012c9fcc7c144a95c,890342916428
Image,ami-015fb2005beae5763,002670977573
Image,ami-01714e98a9f43154a,398984081329
Image,ami-0195a60b3c450e32b,002670977573
Image,ami-01a35fa28a11a7a4c,398984081329
Image,ami-01a9747c478c7bfa3,398984081329
Image,ami-01b14d2508b362a91,613703092215
Image,ami-01ba0fb8c66949224,398984081329
Image,ami-01ba0fb8c66949224,613703092215
Image,ami-01be1c7b397ac08c9,002670977573
Image,ami-01c3bb9e889a04291,398984081329
Image,ami-01d1f17b3941b4184,613703092215
Image,ami-01d316a290a2154a6,002670977573
Image,ami-0222f427f283d83df,613703092215
Image,ami-02344dfef761cd8c7,613703092215
Image,ami-023cb83db1c3e6a36,398984081329
Image,ami-02514ae5ad61aa395,613703092215
Image,ami-026af9ddafb0b98d3,398984081329
Image,ami-0288619069426216a,613703092215
Image,ami-028b5a30b7f89b4fb,398984081329
Image,ami-029a324663e9f8d69,002670977573
Image,ami-029ab2fbda7230aac,002670977573
Image,ami-02b664445507f4bd0,002670977573
Image,ami-02b9db57b12aacaf5,613703092215
Image,ami-02c40531c400dbd25,002670977573
Image,ami-02d78d4d7b7ac2d1b,002670977573
Image,ami-02e981ba7ad2065cd,398984081329
Image,ami-030792aebf14663eb,613703092215
Image,ami-030ccdc893fc9df0f,002670977573
Image,ami-0317d7c1ad94c6426,002670977573
Image,ami-035fed07ca085d6dc,002670977573
Image,ami-036992106cd334e5a,002670977573
Image,ami-03ab4375703e8d9ac,613703092215
Image,ami-03c1bb7734673bbac,398984081329
Image,ami-03d7804147b2b7a93,002670977573
Image,ami-03de8f23a87a49706,002670977573
Image,ami-0404c148061e15c19,002670977573
Image,ami-0406a1545302ba2a2,002670977573
Image,ami-040767aa49afb67c4,002670977573
Image,ami-041cb8eb69c85cbf6,613703092215
Image,ami-042996bcd7b85dbe9,002670977573
Image,ami-0434954a809258541,398984081329
Image,ami-0445718b38ec844bc,002670977573
Image,ami-048701712c487bcc0,613703092215
Image,ami-048cbee1577997b5b,613703092215
Image,ami-04903cd1c5b6018f7,613703092215
Image,ami-04bc8b3e67da59433,002670977573
Image,ami-04bfd9adafe90b49f,398984081329
Image,ami-04c307ae09133542d,398984081329
Image,ami-04c74b1baaa35f659,002670977573
Image,ami-04e378b324fa42422,398984081329
Image,ami-04ef3c958f060d079,002670977573
Image,ami-051dc362afa31e933,002670977573
Image,ami-053e6123c0b117643,002670977573
Image,ami-0540c287b719bc220,002670977573
Image,ami-056bde452b5b916cf,613703092215
Image,ami-05843142c6607595e,398984081329
Image,ami-05943e6766a6fd4a1,613703092215
Image,ami-05a2133c839a32940,002670977573
Image,ami-05b7d8d322c247d32,002670977573
Image,ami-05c948e5619425763,398984081329
Image,ami-060746f3bb4a7e757,613703092215
Image,ami-060e60d0f3de85b2f,398984081329
Image,ami-060e60d0f3de85b2f,613703092215
Image,ami-0623868696ac54669,002670977573
Image,ami-0632e0085258aeef6,002670977573
Image,ami-0677e69176b49050f,002670977573
Image,ami-06850af079e8fbbe1,002670977573
Image,ami-068c5eeba4d10935b,002670977573
Image,ami-0702e098caff4388d,002670977573
Image,ami-070bd43dc07c3f590,398984081329
Image,ami-070da0e905e5d59ab,002670977573
Image,ami-0728c0e4d6db9e59d,002670977573
Image,ami-0736c001a545113a9,613703092215
Image,ami-074f58219861580a2,890342916428
Image,ami-075cf4a26c429daa3,613703092215
Image,ami-078693c5dabf1b250,002670977573
Image,ami-078b479308d16fa42,613703092215
Image,ami-079647bd132dfe43f,613703092215
Image,ami-079be8eb34953d1d0,002670977573
Image,ami-07a917fa56fde1b2a,398984081329
Image,ami-07bd40050147dfd82,613703092215
Image,ami-07c3ec0b0c97f4693,398984081329
Image,ami-07d6f0ec8d4e6b7c0,002670977573
Image,ami-07e5c66756ce75998,002670977573
Image,ami-07fc38fb3f083595a,613703092215
Image,ami-0859190dff9ef3a6f,002670977573
Image,ami-086653eaf212907b5,002670977573
Image,ami-0872fc809534bb0e0,002670977573
Image,ami-08898e97ab9c470a9,398984081329
Image,ami-08957c00139f2bb23,613703092215
Image,ami-08c036ad5b0ca110c,002670977573
Image,ami-08c6bf649dc3f1e2f,002670977573
Image,ami-08f052bd09dd9d8b0,613703092215
Image,ami-08fa45574b44ce7e8,398984081329
Image,ami-091ed1679971f8c3c,002670977573
Image,ami-093d9be6baf302bd3,002670977573
Image,ami-094c359ef6178fad2,002670977573
Image,ami-096d7680680a90ff8,613703092215
Image,ami-09796f2359b1a4e92,398984081329
Image,ami-09d11f6fd12fad718,002670977573
Image,ami-09f5daf40de90af85,002670977573
Image,ami-09fbe33e4b88f7740,398984081329
Image,ami-0a0c26d63980a919c,002670977573
Image,ami-0a1e79a3d810b9d8a,002670977573
Image,ami-0a21b7c5c4e6eb6f2,002670977573
Image,ami-0a3d0ed4f8cd92e4e,002670977573
Image,ami-0a4f5c348d6a4cee1,002670977573
Image,ami-0a59df35daf4bf55a,613703092215
Image,ami-0a6ca855f76788a3c,002670977573
Image,ami-0a70cf66f32870db3,398984081329
Image,ami-0a721ac4ca8879f26,398984081329
Image,ami-0a78b691c34adc98a,002670977573
Image,ami-0a7b9f733449d047f,002670977573
Image,ami-0a826fc9ca825c54f,002670977573
Image,ami-0a85f6079c7f8c10f,613703092215
Image,ami-0a87782058291c98c,890342916428
Image,ami-0a965787afd0f913f,002670977573
Image,ami-0abb64757d4f7c17c,613703092215
Image,ami-0ad88bdc114aae351,002670977573
Image,ami-0aef8cb62193eaba8,613703092215
Image,ami-0af979a4c56dfcc61,002670977573
Image,ami-0b035c957232ff53a,002670977573
Image,ami-0b248d13b846e43fc,613703092215
Image,ami-0b37c424338a39181,890342916428
Image,ami-0b5a1df3f2a9b4e53,002670977573
Image,ami-0b5c4d2cdb39ec79a,002670977573
Image,ami-0b92e2602e8572cbc,002670977573
Image,ami-0b9a4300e6fa904f1,002670977573
Image,ami-0bcd992aaa5a8976e,398984081329
Image,ami-0bd32be42182a83ad,613703092215
Image,ami-0c05de7267f173e2c,613703092215
Image,ami-0c1b3ee19f9bbd90d,613703092215
Image,ami-0c2ff43d95b1bec33,613703092215
Image,ami-0c6b6e9c3ce449bac,002670977573
Image,ami-0c97f1da1bd802a29,398984081329
Image,ami-0cc077cc4f0d21c54,002670977573
Image,ami-0cc544c754bc62399,613703092215
Image,ami-0cc752b7633c3f8b5,002670977573
Image,ami-0cd9bfc62835f32b9,613703092215
Image,ami-0ce3a4b6da1af8d1b,613703092215
Image,ami-0d521da7c315ee006,002670977573
Image,ami-0d56016bdf3cdcb5d,002670977573
Image,ami-0dc79856608593d4f,002670977573
Image,ami-0ddf29c0972286b23,002670977573
Image,ami-0de0b3e17e10eb5ea,002670977573
Image,ami-0e0e6c3fd37f42a62,613703092215
Image,ami-0e20370bc19c88acf,398984081329
Image,ami-0e4cd706e3f70a4cf,002670977573
Image,ami-0e4d020c464af1773,002670977573
Image,ami-0e89a0d7d2f11b22b,613703092215
Image,ami-0e8b77c62f25391eb,613703092215
Image,ami-0eba9adc6f61955e0,002670977573
Image,ami-0ebed2f48443fc026,002670977573
Image,ami-0ecc4b21488686f14,398984081329
Image,ami-0ecf125242f4cd6d2,890342916428
Image,ami-0edd828afd4fbc999,002670977573
Image,ami-0ee0b08efa9b3ce3f,002670977573
Image,ami-0eed81d8b4a00561e,613703092215
Image,ami-0f21e806ca8f3f0cd,002670977573
Image,ami-0f2515abf0e8ac1e7,613703092215
Image,ami-0f52323e3caf98de3,613703092215
Image,ami-0f6faa5be0b86763b,613703092215
Image,ami-0f9de053a4c2c7b2c,002670977573
Image,ami-0fa035ff4d9241ed8,002670977573
Image,ami-0fa68805ae976f4fe,398984081329
Image,ami-0fb9e000632026342,002670977573
Image,ami-0ffdf5f4eaeacf18b,398984081329
